{
  "cod": "200",
  "message": 0,
  "cnt": 40,
  "list": [
    {
      "dt": 1764147600,
      "main": {
        "temp": 2.99,
        "feels_like": -1.47,
        "temp_min": 2.99,
        "temp_max": 5.69,
        "pressure": 1024,
        "sea_level": 1024,
        "grnd_level": 1002,
        "humidity": 87,
        "temp_kf": -2.7
      },
      "weather": [
        {
          "id": 800,
          "main": "Clear",
          "description": "clear sky",
          "icon": "01d"
        }
      ],
      "clouds": {
        "all": 0
      },
      "wind": {
        "speed": 5.6,
        "deg": 286,
        "gust": 9.9
      },
      "visibility": 10000,
      "pop": 0,
      "sys": {
        "pod": "d"
      },
      "dt_txt": "2025-11-26 09:00:00"
    },
    {
      "dt": 1764158400,
      "main": {
        "temp": 4.73,
        "feels_like": 0.1,
        "temp_min": 4.73,
        "temp_max": 8.22,
        "pressure": 1024,
        "sea_level": 1024,
        "grnd_level": 1002,
        "humidity": 80,
        "temp_kf": -3.49
      },
      "weather": [
        {
          "id": 801,
          "main": "Clouds",
          "description": "few clouds",
          "icon": "02d"
        }
      ],
      "clouds": {
        "all": 22
      },
      "wind": {
        "speed": 7.17,
        "deg": 295,
        "gust": 9.73
      },
      "visibility": 10000,
      "pop": 0,
      "sys": {
        "pod": "d"
      },
      "dt_txt": "2025-11-26 12:00:00"
    },
    {
      "dt": 1764169200,
      "main": {
        "temp": 6.38,
        "feels_like": 2.51,
        "temp_min": 6.38,
        "temp_max": 8.07,
        "pressure": 1024,
        "sea_level": 1024,
        "grnd_level": 1001,
        "humidity": 71,
        "temp_kf": -1.69
      },
      "weather": [
        {
          "id": 500,
          "main": "Rain",
          "description": "light rain",
          "icon": "10d"
        }
      ],
      "clouds": {
        "all": 43
      },
      "wind": {
        "speed": 6.36,
        "deg": 304,
        "gust": 9.43
      },
      "visibility": 10000,
      "pop": 0.37,
      "rain": {
        "3h": 0.25
      },
      "sys": {
        "pod": "d"
      },
      "dt_txt": "2025-11-26 15:00:00"
    },
    {
      "dt": 1764180000,
      "main": {
        "temp": 6.66,
        "feels_like": 3.68,
        "temp_min": 6.66,
        "temp_max": 6.66,
        "pressure": 1025,
        "sea_level": 1025,
        "grnd_level": 1003,
        "humidity": 72,
        "temp_kf": 0
      },
      "weather": [
        {
          "id": 500,
          "main": "Rain",
          "description": "light rain",
          "icon": "10n"
        }
      ],
      "clouds": {
        "all": 79
      },
      "wind": {
        "speed": 4.43,
        "deg": 301,
        "gust": 8.59
      },
      "visibility": 10000,
      "pop": 0.41,
      "rain": {
        "3h": 0.36
      },
      "sys": {
        "pod": "n"
      },
      "dt_txt": "2025-11-26 18:00:00"
    },
    {
      "dt": 1764190800,
      "main": {
        "temp": 6.02,
        "feels_like": 2.78,
        "temp_min": 6.02,
        "temp_max": 6.02,
        "pressure": 1026,
        "sea_level": 1026,
        "grnd_level": 1004,
        "humidity": 77,
        "temp_kf": 0
      },
      "weather": [
        {
          "id": 500,
          "main": "Rain",
          "description": "light rain",
          "icon": "10n"
        }
      ],
      "clouds": {
        "all": 100
      },
      "wind": {
        "speed": 4.65,
        "deg": 289,
        "gust": 9.04
      },
      "visibility": 10000,
      "pop": 0.2,
      "rain": {
        "3h": 0.23
      },
      "sys": {
        "pod": "n"
      },
      "dt_txt": "2025-11-26 21:00:00"
    },
    {
      "dt": 1764201600,
      "main": {
        "temp": 3.85,
        "feels_like": 0.85,
        "temp_min": 3.85,
        "temp_max": 3.85,
        "pressure": 1026,
        "sea_level": 1026,
        "grnd_level": 1004,
        "humidity": 83,
        "temp_kf": 0
      },
      "weather": [
        {
          "id": 500,
          "main": "Rain",
          "description": "light rain",
          "icon": "10n"
        }
      ],
      "clouds": {
        "all": 96
      },
      "wind": {
        "speed": 3.37,
        "deg": 288,
        "gust": 7.56
      },
      "visibility": 10000,
      "pop": 0.2,
      "rain": {
        "3h": 0.11
      },
      "sys": {
        "pod": "n"
      },
      "dt_txt": "2025-11-27 00:00:00"
    },
    {
      "dt": 1764212400,
      "main": {
        "temp": 3.05,
        "feels_like": 0.63,
        "temp_min": 3.05,
        "temp_max": 3.05,
        "pressure": 1026,
        "sea_level": 1026,
        "grnd_level": 1003,
        "humidity": 88,
        "temp_kf": 0
      },
      "weather": [
        {
          "id": 803,
          "main": "Clouds",
          "description": "broken clouds",
          "icon": "04n"
        }
      ],
      "clouds": {
        "all": 68
      },
      "wind": {
        "speed": 2.46,
        "deg": 278,
        "gust": 4.27
      },
      "visibility": 10000,
      "pop": 0,
      "sys": {
        "pod": "n"
      },
      "dt_txt": "2025-11-27 03:00:00"
    },
    {
      "dt": 1764223200,
      "main": {
        "temp": 2.28,
        "feels_like": 0.53,
        "temp_min": 2.28,
        "temp_max": 2.28,
        "pressure": 1026,
        "sea_level": 1026,
        "grnd_level": 1003,
        "humidity": 88,
        "temp_kf": 0
      },
      "weather": [
        {
          "id": 802,
          "main": "Clouds",
          "description": "scattered clouds",
          "icon": "03n"
        }
      ],
      "clouds": {
        "all": 41
      },
      "wind": {
        "speed": 1.73,
        "deg": 281,
        "gust": 2.18
      },
      "visibility": 10000,
      "pop": 0,
      "sys": {
        "pod": "n"
      },
      "dt_txt": "2025-11-27 06:00:00"
    },
    {
      "dt": 1764234000,
      "main": {
        "temp": 4.34,
        "feels_like": 1.97,
        "temp_min": 4.34,
        "temp_max": 4.34,
        "pressure": 1027,
        "sea_level": 1027,
        "grnd_level": 1004,
        "humidity": 74,
        "temp_kf": 0
      },
      "weather": [
        {
          "id": 800,
          "main": "Clear",
          "description": "clear sky",
          "icon": "01d"
        }
      ],
      "clouds": {
        "all": 6
      },
      "wind": {
        "speed": 2.67,
        "deg": 283,
        "gust": 4.22
      },
      "visibility": 10000,
      "pop": 0,
      "sys": {
        "pod": "d"
      },
      "dt_txt": "2025-11-27 09:00:00"
    },
    {
      "dt": 1764244800,
      "main": {
        "temp": 8.14,
        "feels_like": 6.36,
        "temp_min": 8.14,
        "temp_max": 8.14,
        "pressure": 1025,
        "sea_level": 1025,
        "grnd_level": 1003,
        "humidity": 53,
        "temp_kf": 0
      },
      "weather": [
        {
          "id": 802,
          "main": "Clouds",
          "description": "scattered clouds",
          "icon": "03d"
        }
      ],
      "clouds": {
        "all": 36
      },
      "wind": {
        "speed": 2.88,
        "deg": 296,
        "gust": 3.92
      },
      "visibility": 10000,
      "pop": 0,
      "sys": {
        "pod": "d"
      },
      "dt_txt": "2025-11-27 12:00:00"
    },
    {
      "dt": 1764255600,
      "main": {
        "temp": 8.59,
        "feels_like": 7.2,
        "temp_min": 8.59,
        "temp_max": 8.59,
        "pressure": 1025,
        "sea_level": 1025,
        "grnd_level": 1002,
        "humidity": 50,
        "temp_kf": 0
      },
      "weather": [
        {
          "id": 804,
          "main": "Clouds",
          "description": "overcast clouds",
          "icon": "04d"
        }
      ],
      "clouds": {
        "all": 100
      },
      "wind": {
        "speed": 2.43,
        "deg": 310,
        "gust": 3.57
      },
      "visibility": 10000,
      "pop": 0,
      "sys": {
        "pod": "d"
      },
      "dt_txt": "2025-11-27 15:00:00"
    },
    {
      "dt": 1764266400,
      "main": {
        "temp": 6.43,
        "feels_like": 5.5,
        "temp_min": 6.43,
        "temp_max": 6.43,
        "pressure": 1026,
        "sea_level": 1026,
        "grnd_level": 1003,
        "humidity": 60,
        "temp_kf": 0
      },
      "weather": [
        {
          "id": 803,
          "main": "Clouds",
          "description": "broken clouds",
          "icon": "04n"
        }
      ],
      "clouds": {
        "all": 79
      },
      "wind": {
        "speed": 1.56,
        "deg": 289,
        "gust": 1.72
      },
      "visibility": 10000,
      "pop": 0,
      "sys": {
        "pod": "n"
      },
      "dt_txt": "2025-11-27 18:00:00"
    },
    {
      "dt": 1764277200,
      "main": {
        "temp": 7.19,
        "feels_like": 7.19,
        "temp_min": 7.19,
        "temp_max": 7.19,
        "pressure": 1026,
        "sea_level": 1026,
        "grnd_level": 1003,
        "humidity": 58,
        "temp_kf": 0
      },
      "weather": [
        {
          "id": 804,
          "main": "Clouds",
          "description": "overcast clouds",
          "icon": "04n"
        }
      ],
      "clouds": {
        "all": 99
      },
      "wind": {
        "speed": 1.22,
        "deg": 268,
        "gust": 1.51
      },
      "visibility": 10000,
      "pop": 0,
      "sys": {
        "pod": "n"
      },
      "dt_txt": "2025-11-27 21:00:00"
    },
    {
      "dt": 1764288000,
      "main": {
        "temp": 7.32,
        "feels_like": 7.32,
        "temp_min": 7.32,
        "temp_max": 7.32,
        "pressure": 1025,
        "sea_level": 1025,
        "grnd_level": 1003,
        "humidity": 58,
        "temp_kf": 0
      },
      "weather": [
        {
          "id": 804,
          "main": "Clouds",
          "description": "overcast clouds",
          "icon": "04n"
        }
      ],
      "clouds": {
        "all": 100
      },
      "wind": {
        "speed": 0.21,
        "deg": 346,
        "gust": 0.37
      },
      "visibility": 10000,
      "pop": 0,
      "sys": {
        "pod": "n"
      },
      "dt_txt": "2025-11-28 00:00:00"
    },
    {
      "dt": 1764298800,
      "main": {
        "temp": 7.39,
        "feels_like": 7.39,
        "temp_min": 7.39,
        "temp_max": 7.39,
        "pressure": 1024,
        "sea_level": 1024,
        "grnd_level": 1002,
        "humidity": 58,
        "temp_kf": 0
      },
      "weather": [
        {
          "id": 804,
          "main": "Clouds",
          "description": "overcast clouds",
          "icon": "04n"
        }
      ],
      "clouds": {
        "all": 100
      },
      "wind": {
        "speed": 0.43,
        "deg": 312,
        "gust": 0.53
      },
      "visibility": 10000,
      "pop": 0,
      "sys": {
        "pod": "n"
      },
      "dt_txt": "2025-11-28 03:00:00"
    },
    {
      "dt": 1764309600,
      "main": {
        "temp": 7.38,
        "feels_like": 7.38,
        "temp_min": 7.38,
        "temp_max": 7.38,
        "pressure": 1024,
        "sea_level": 1024,
        "grnd_level": 1002,
        "humidity": 58,
        "temp_kf": 0
      },
      "weather": [
        {
          "id": 804,
          "main": "Clouds",
          "description": "overcast clouds",
          "icon": "04n"
        }
      ],
      "clouds": {
        "all": 100
      },
      "wind": {
        "speed": 0.58,
        "deg": 277,
        "gust": 0.57
      },
      "visibility": 10000,
      "pop": 0,
      "sys": {
        "pod": "n"
      },
      "dt_txt": "2025-11-28 06:00:00"
    },
    {
      "dt": 1764320400,
      "main": {
        "temp": 8.03,
        "feels_like": 8.03,
        "temp_min": 8.03,
        "temp_max": 8.03,
        "pressure": 1024,
        "sea_level": 1024,
        "grnd_level": 1002,
        "humidity": 54,
        "temp_kf": 0
      },
      "weather": [
        {
          "id": 804,
          "main": "Clouds",
          "description": "overcast clouds",
          "icon": "04d"
        }
      ],
      "clouds": {
        "all": 100
      },
      "wind": {
        "speed": 1.02,
        "deg": 259,
        "gust": 1.62
      },
      "visibility": 10000,
      "pop": 0,
      "sys": {
        "pod": "d"
      },
      "dt_txt": "2025-11-28 09:00:00"
    },
    {
      "dt": 1764331200,
      "main": {
        "temp": 10.31,
        "feels_like": 8.68,
        "temp_min": 10.31,
        "temp_max": 10.31,
        "pressure": 1023,
        "sea_level": 1023,
        "grnd_level": 1001,
        "humidity": 49,
        "temp_kf": 0
      },
      "weather": [
        {
          "id": 804,
          "main": "Clouds",
          "description": "overcast clouds",
          "icon": "04d"
        }
      ],
      "clouds": {
        "all": 100
      },
      "wind": {
        "speed": 1.52,
        "deg": 294,
        "gust": 2.36
      },
      "visibility": 10000,
      "pop": 0,
      "sys": {
        "pod": "d"
      },
      "dt_txt": "2025-11-28 12:00:00"
    },
    {
      "dt": 1764342000,
      "main": {
        "temp": 9.92,
        "feels_like": 9.92,
        "temp_min": 9.92,
        "temp_max": 9.92,
        "pressure": 1022,
        "sea_level": 1022,
        "grnd_level": 1000,
        "humidity": 56,
        "temp_kf": 0
      },
      "weather": [
        {
          "id": 804,
          "main": "Clouds",
          "description": "overcast clouds",
          "icon": "04d"
        }
      ],
      "clouds": {
        "all": 100
      },
      "wind": {
        "speed": 1.11,
        "deg": 303,
        "gust": 1.88
      },
      "visibility": 10000,
      "pop": 0,
      "sys": {
        "pod": "d"
      },
      "dt_txt": "2025-11-28 15:00:00"
    },
    {
      "dt": 1764352800,
      "main": {
        "temp": 9,
        "feels_like": 9,
        "temp_min": 9,
        "temp_max": 9,
        "pressure": 1023,
        "sea_level": 1023,
        "grnd_level": 1000,
        "humidity": 62,
        "temp_kf": 0
      },
      "weather": [
        {
          "id": 804,
          "main": "Clouds",
          "description": "overcast clouds",
          "icon": "04n"
        }
      ],
      "clouds": {
        "all": 99
      },
      "wind": {
        "speed": 0.3,
        "deg": 233,
        "gust": 0.33
      },
      "visibility": 10000,
      "pop": 0,
      "sys": {
        "pod": "n"
      },
      "dt_txt": "2025-11-28 18:00:00"
    },
    {
      "dt": 1764363600,
      "main": {
        "temp": 8.22,
        "feels_like": 7.78,
        "temp_min": 8.22,
        "temp_max": 8.22,
        "pressure": 1022,
        "sea_level": 1022,
        "grnd_level": 1000,
        "humidity": 72,
        "temp_kf": 0
      },
      "weather": [
        {
          "id": 804,
          "main": "Clouds",
          "description": "overcast clouds",
          "icon": "04n"
        }
      ],
      "clouds": {
        "all": 97
      },
      "wind": {
        "speed": 1.36,
        "deg": 232,
        "gust": 1.32
      },
      "visibility": 10000,
      "pop": 0,
      "sys": {
        "pod": "n"
      },
      "dt_txt": "2025-11-28 21:00:00"
    },
    {
      "dt": 1764374400,
      "main": {
        "temp": 8.34,
        "feels_like": 8.34,
        "temp_min": 8.34,
        "temp_max": 8.34,
        "pressure": 1021,
        "sea_level": 1021,
        "grnd_level": 999,
        "humidity": 76,
        "temp_kf": 0
      },
      "weather": [
        {
          "id": 804,
          "main": "Clouds",
          "description": "overcast clouds",
          "icon": "04n"
        }
      ],
      "clouds": {
        "all": 93
      },
      "wind": {
        "speed": 1.01,
        "deg": 257,
        "gust": 0.91
      },
      "visibility": 10000,
      "pop": 0,
      "sys": {
        "pod": "n"
      },
      "dt_txt": "2025-11-29 00:00:00"
    },
    {
      "dt": 1764385200,
      "main": {
        "temp": 8.97,
        "feels_like": 8.41,
        "temp_min": 8.97,
        "temp_max": 8.97,
        "pressure": 1020,
        "sea_level": 1020,
        "grnd_level": 997,
        "humidity": 76,
        "temp_kf": 0
      },
      "weather": [
        {
          "id": 804,
          "main": "Clouds",
          "description": "overcast clouds",
          "icon": "04n"
        }
      ],
      "clouds": {
        "all": 100
      },
      "wind": {
        "speed": 1.56,
        "deg": 224,
        "gust": 1.57
      },
      "visibility": 10000,
      "pop": 0,
      "sys": {
        "pod": "n"
      },
      "dt_txt": "2025-11-29 03:00:00"
    },
    {
      "dt": 1764396000,
      "main": {
        "temp": 9.07,
        "feels_like": 9.07,
        "temp_min": 9.07,
        "temp_max": 9.07,
        "pressure": 1018,
        "sea_level": 1018,
        "grnd_level": 996,
        "humidity": 75,
        "temp_kf": 0
      },
      "weather": [
        {
          "id": 804,
          "main": "Clouds",
          "description": "overcast clouds",
          "icon": "04n"
        }
      ],
      "clouds": {
        "all": 100
      },
      "wind": {
        "speed": 1.32,
        "deg": 219,
        "gust": 1.43
      },
      "visibility": 10000,
      "pop": 0,
      "sys": {
        "pod": "n"
      },
      "dt_txt": "2025-11-29 06:00:00"
    },
    {
      "dt": 1764406800,
      "main": {
        "temp": 9.56,
        "feels_like": 9.09,
        "temp_min": 9.56,
        "temp_max": 9.56,
        "pressure": 1018,
        "sea_level": 1018,
        "grnd_level": 996,
        "humidity": 75,
        "temp_kf": 0
      },
      "weather": [
        {
          "id": 804,
          "main": "Clouds",
          "description": "overcast clouds",
          "icon": "04d"
        }
      ],
      "clouds": {
        "all": 100
      },
      "wind": {
        "speed": 1.55,
        "deg": 216,
        "gust": 3.21
      },
      "visibility": 10000,
      "pop": 0.06,
      "sys": {
        "pod": "d"
      },
      "dt_txt": "2025-11-29 09:00:00"
    },
    {
      "dt": 1764417600,
      "main": {
        "temp": 11.85,
        "feels_like": 11.23,
        "temp_min": 11.85,
        "temp_max": 11.85,
        "pressure": 1016,
        "sea_level": 1016,
        "grnd_level": 994,
        "humidity": 82,
        "temp_kf": 0
      },
      "weather": [
        {
          "id": 804,
          "main": "Clouds",
          "description": "overcast clouds",
          "icon": "04d"
        }
      ],
      "clouds": {
        "all": 100
      },
      "wind": {
        "speed": 1.19,
        "deg": 235,
        "gust": 1.42
      },
      "visibility": 10000,
      "pop": 0,
      "sys": {
        "pod": "d"
      },
      "dt_txt": "2025-11-29 12:00:00"
    },
    {
      "dt": 1764428400,
      "main": {
        "temp": 11.84,
        "feels_like": 11.25,
        "temp_min": 11.84,
        "temp_max": 11.84,
        "pressure": 1013,
        "sea_level": 1013,
        "grnd_level": 992,
        "humidity": 83,
        "temp_kf": 0
      },
      "weather": [
        {
          "id": 804,
          "main": "Clouds",
          "description": "overcast clouds",
          "icon": "04d"
        }
      ],
      "clouds": {
        "all": 100
      },
      "wind": {
        "speed": 1.89,
        "deg": 125,
        "gust": 2.44
      },
      "visibility": 10000,
      "pop": 0,
      "sys": {
        "pod": "d"
      },
      "dt_txt": "2025-11-29 15:00:00"
    },
    {
      "dt": 1764439200,
      "main": {
        "temp": 9.56,
        "feels_like": 8.54,
        "temp_min": 9.56,
        "temp_max": 9.56,
        "pressure": 1012,
        "sea_level": 1012,
        "grnd_level": 990,
        "humidity": 89,
        "temp_kf": 0
      },
      "weather": [
        {
          "id": 804,
          "main": "Clouds",
          "description": "overcast clouds",
          "icon": "04n"
        }
      ],
      "clouds": {
        "all": 86
      },
      "wind": {
        "speed": 2.17,
        "deg": 129,
        "gust": 2.14
      },
      "visibility": 10000,
      "pop": 0,
      "sys": {
        "pod": "n"
      },
      "dt_txt": "2025-11-29 18:00:00"
    },
    {
      "dt": 1764450000,
      "main": {
        "temp": 9.77,
        "feels_like": 8.33,
        "temp_min": 9.77,
        "temp_max": 9.77,
        "pressure": 1010,
        "sea_level": 1010,
        "grnd_level": 988,
        "humidity": 86,
        "temp_kf": 0
      },
      "weather": [
        {
          "id": 804,
          "main": "Clouds",
          "description": "overcast clouds",
          "icon": "04n"
        }
      ],
      "clouds": {
        "all": 100
      },
      "wind": {
        "speed": 2.84,
        "deg": 133,
        "gust": 5.79
      },
      "visibility": 10000,
      "pop": 0,
      "sys": {
        "pod": "n"
      },
      "dt_txt": "2025-11-29 21:00:00"
    },
    {
      "dt": 1764460800,
      "main": {
        "temp": 9.67,
        "feels_like": 8.83,
        "temp_min": 9.67,
        "temp_max": 9.67,
        "pressure": 1010,
        "sea_level": 1010,
        "grnd_level": 988,
        "humidity": 92,
        "temp_kf": 0
      },
      "weather": [
        {
          "id": 500,
          "main": "Rain",
          "description": "light rain",
          "icon": "10n"
        }
      ],
      "clouds": {
        "all": 100
      },
      "wind": {
        "speed": 1.97,
        "deg": 331,
        "gust": 3.45
      },
      "visibility": 10000,
      "pop": 0.73,
      "rain": {
        "3h": 0.98
      },
      "sys": {
        "pod": "n"
      },
      "dt_txt": "2025-11-30 00:00:00"
    },
    {
      "dt": 1764471600,
      "main": {
        "temp": 9.81,
        "feels_like": 7.65,
        "temp_min": 9.81,
        "temp_max": 9.81,
        "pressure": 1010,
        "sea_level": 1010,
        "grnd_level": 988,
        "humidity": 94,
        "temp_kf": 0
      },
      "weather": [
        {
          "id": 501,
          "main": "Rain",
          "description": "moderate rain",
          "icon": "10n"
        }
      ],
      "clouds": {
        "all": 100
      },
      "wind": {
        "speed": 4.27,
        "deg": 291,
        "gust": 9.11
      },
      "visibility": 6625,
      "pop": 1,
      "rain": {
        "3h": 4.18
      },
      "sys": {
        "pod": "n"
      },
      "dt_txt": "2025-11-30 03:00:00"
    },
    {
      "dt": 1764482400,
      "main": {
        "temp": 8.44,
        "feels_like": 6.45,
        "temp_min": 8.44,
        "temp_max": 8.44,
        "pressure": 1012,
        "sea_level": 1012,
        "grnd_level": 990,
        "humidity": 91,
        "temp_kf": 0
      },
      "weather": [
        {
          "id": 501,
          "main": "Rain",
          "description": "moderate rain",
          "icon": "10n"
        }
      ],
      "clouds": {
        "all": 100
      },
      "wind": {
        "speed": 3.31,
        "deg": 286,
        "gust": 7.6
      },
      "visibility": 7851,
      "pop": 1,
      "rain": {
        "3h": 7.35
      },
      "sys": {
        "pod": "n"
      },
      "dt_txt": "2025-11-30 06:00:00"
    },
    {
      "dt": 1764493200,
      "main": {
        "temp": 8.53,
        "feels_like": 5.92,
        "temp_min": 8.53,
        "temp_max": 8.53,
        "pressure": 1014,
        "sea_level": 1014,
        "grnd_level": 991,
        "humidity": 84,
        "temp_kf": 0
      },
      "weather": [
        {
          "id": 500,
          "main": "Rain",
          "description": "light rain",
          "icon": "10d"
        }
      ],
      "clouds": {
        "all": 100
      },
      "wind": {
        "speed": 4.59,
        "deg": 300,
        "gust": 7.24
      },
      "visibility": 10000,
      "pop": 0.91,
      "rain": {
        "3h": 0.73
      },
      "sys": {
        "pod": "d"
      },
      "dt_txt": "2025-11-30 09:00:00"
    },
    {
      "dt": 1764504000,
      "main": {
        "temp": 9.28,
        "feels_like": 6.63,
        "temp_min": 9.28,
        "temp_max": 9.28,
        "pressure": 1015,
        "sea_level": 1015,
        "grnd_level": 992,
        "humidity": 73,
        "temp_kf": 0
      },
      "weather": [
        {
          "id": 804,
          "main": "Clouds",
          "description": "overcast clouds",
          "icon": "04d"
        }
      ],
      "clouds": {
        "all": 100
      },
      "wind": {
        "speed": 5.16,
        "deg": 313,
        "gust": 7.39
      },
      "visibility": 10000,
      "pop": 0.5,
      "sys": {
        "pod": "d"
      },
      "dt_txt": "2025-11-30 12:00:00"
    },
    {
      "dt": 1764514800,
      "main": {
        "temp": 9.33,
        "feels_like": 6.77,
        "temp_min": 9.33,
        "temp_max": 9.33,
        "pressure": 1015,
        "sea_level": 1015,
        "grnd_level": 993,
        "humidity": 71,
        "temp_kf": 0
      },
      "weather": [
        {
          "id": 500,
          "main": "Rain",
          "description": "light rain",
          "icon": "10d"
        }
      ],
      "clouds": {
        "all": 100
      },
      "wind": {
        "speed": 4.95,
        "deg": 312,
        "gust": 7.16
      },
      "visibility": 10000,
      "pop": 0.2,
      "rain": {
        "3h": 0.11
      },
      "sys": {
        "pod": "d"
      },
      "dt_txt": "2025-11-30 15:00:00"
    },
    {
      "dt": 1764525600,
      "main": {
        "temp": 6.94,
        "feels_like": 3.93,
        "temp_min": 6.94,
        "temp_max": 6.94,
        "pressure": 1019,
        "sea_level": 1019,
        "grnd_level": 996,
        "humidity": 77,
        "temp_kf": 0
      },
      "weather": [
        {
          "id": 804,
          "main": "Clouds",
          "description": "overcast clouds",
          "icon": "04n"
        }
      ],
      "clouds": {
        "all": 97
      },
      "wind": {
        "speed": 4.64,
        "deg": 293,
        "gust": 9.2
      },
      "visibility": 10000,
      "pop": 0,
      "sys": {
        "pod": "n"
      },
      "dt_txt": "2025-11-30 18:00:00"
    },
    {
      "dt": 1764536400,
      "main": {
        "temp": 6.57,
        "feels_like": 3.95,
        "temp_min": 6.57,
        "temp_max": 6.57,
        "pressure": 1020,
        "sea_level": 1020,
        "grnd_level": 998,
        "humidity": 81,
        "temp_kf": 0
      },
      "weather": [
        {
          "id": 803,
          "main": "Clouds",
          "description": "broken clouds",
          "icon": "04n"
        }
      ],
      "clouds": {
        "all": 75
      },
      "wind": {
        "speed": 3.71,
        "deg": 280,
        "gust": 6.94
      },
      "visibility": 10000,
      "pop": 0,
      "sys": {
        "pod": "n"
      },
      "dt_txt": "2025-11-30 21:00:00"
    },
    {
      "dt": 1764547200,
      "main": {
        "temp": 5.69,
        "feels_like": 2.72,
        "temp_min": 5.69,
        "temp_max": 5.69,
        "pressure": 1021,
        "sea_level": 1021,
        "grnd_level": 999,
        "humidity": 81,
        "temp_kf": 0
      },
      "weather": [
        {
          "id": 803,
          "main": "Clouds",
          "description": "broken clouds",
          "icon": "04n"
        }
      ],
      "clouds": {
        "all": 55
      },
      "wind": {
        "speed": 3.98,
        "deg": 304,
        "gust": 8.48
      },
      "visibility": 10000,
      "pop": 0,
      "sys": {
        "pod": "n"
      },
      "dt_txt": "2025-12-01 00:00:00"
    },
    {
      "dt": 1764558000,
      "main": {
        "temp": 4,
        "feels_like": 1.19,
        "temp_min": 4,
        "temp_max": 4,
        "pressure": 1022,
        "sea_level": 1022,
        "grnd_level": 999,
        "humidity": 89,
        "temp_kf": 0
      },
      "weather": [
        {
          "id": 800,
          "main": "Clear",
          "description": "clear sky",
          "icon": "01n"
        }
      ],
      "clouds": {
        "all": 5
      },
      "wind": {
        "speed": 3.16,
        "deg": 307,
        "gust": 7.03
      },
      "visibility": 10000,
      "pop": 0,
      "sys": {
        "pod": "n"
      },
      "dt_txt": "2025-12-01 03:00:00"
    },
    {
      "dt": 1764568800,
      "main": {
        "temp": 3.22,
        "feels_like": 0.73,
        "temp_min": 3.22,
        "temp_max": 3.22,
        "pressure": 1023,
        "sea_level": 1023,
        "grnd_level": 1000,
        "humidity": 91,
        "temp_kf": 0
      },
      "weather": [
        {
          "id": 800,
          "main": "Clear",
          "description": "clear sky",
          "icon": "01n"
        }
      ],
      "clouds": {
        "all": 2
      },
      "wind": {
        "speed": 2.57,
        "deg": 301,
        "gust": 4.59
      },
      "visibility": 10000,
      "pop": 0,
      "sys": {
        "pod": "n"
      },
      "dt_txt": "2025-12-01 06:00:00"
    }
  ],
  "city": {
    "id": 2972315,
    "name": "Toulouse",
    "coord": {
      "lat": 43.6043,
      "lon": 1.4437
    },
    "country": "FR",
    "population": 433055,
    "timezone": 3600,
    "sunrise": 1764140528,
    "sunset": 1764174082
  }
}