{
    "forecast_location_name": "Toulouse",
    "country_code": "FR",
    "total_rain_period_mm": 14.3,
    "total_snow_period_mm": 0.0,
    "max_humidity_period": 94,
    "forecast_details": [
        {
            "date_local": "2025-11-26",
            "rain_cumul_mm": 0.8,
            "snow_cumul_mm": 0.0,
            "major_transitions_count": 0
        },
        {
            "date_local": "2025-11-27",
            "rain_cumul_mm": 0.1,
            "snow_cumul_mm": 0.0,
            "major_transitions_count": 1
        },
        {
            "date_local": "2025-11-28",
            "rain_cumul_mm": 0.0,
            "snow_cumul_mm": 0.0,
            "major_transitions_count": 0
        },
        {
            "date_local": "2025-11-29",
            "rain_cumul_mm": 0.0,
            "snow_cumul_mm": 0.0,
            "major_transitions_count": 0
        },
        {
            "date_local": "2025-11-30",
            "rain_cumul_mm": 13.3,
            "snow_cumul_mm": 0.0,
            "major_transitions_count": 0
        },
        {
            "date_local": "2025-12-01",
            "rain_cumul_mm": 0.0,
            "snow_cumul_mm": 0.0,
            "major_transitions_count": 0
        }
    ]
}